{
  "SOL-USDT": {
    "entryPrice": 83.89799809418149,
    "size": 53.249184741987676,
    "costBasis": 4467.5
  },
  "ETH-USDT": {
    "entryPrice": 2309.8423600020687,
    "size": 0.6450656658659015,
    "costBasis": 1490
  }
}